{"Evib": 0.0, "p0": 1.0, "theta_ode": [[0.92586484874485098, 4.4203662077558639e-09, 0.074135138142390727, 1.4274349960255943e-11, 8.678117779936656e-09], [0.074737012700463054, 0.18007121289656361, 0.31198294140515281, 7.2642626401795032e-08, 0.43320876035519418], [5.2130604641968495e-06, 0.29357061048887173, 0.00016270116499830033, 1.2812348457235089e-09, 0.70626147400443096], [7.3240074061569131e-07, 0.29360976034519876, 3.3847422501690721e-05, 5.2979744345329495e-10, 0.70635565930176147], [5.417169534893811e-09, 0.2936197160931871, 6.6795402565065692e-07, 5.8234800794277262e-11, 0.70637961047738296], [4.5758409541880551e-15, 0.29361991382272956, 9.2492365339495044e-12, 1.0769566329288772e-13, 0.70638008616790904], [6.0763797431989649e-18, 0.29361991382546315, 4.6200333197621362e-14, 5.4654575943155597e-15, 0.70638008617448522]], "R_steadystate": [2.4393197313721215e-16, 5.9684946920017097e-07, 2.0174881239864045e-10, 2.9786572685872903e-11, 2.048417822856028e-13, 3.9387127434150999e-20, 1.5370324154521232e-23], "R_sabatier": [0.00021535632398031677, 3.1963787699619795e-06, 4.0650682365814973e-10, 6.0001424777329805e-11, 4.1260085367626011e-13, 7.9335086495281315e-20, 3.0959505698286864e-23], "theta_steadystate": [["0.9394516742429213055559379", "1.995493282559791847202151e-9", "0.06054831895120289684255713", "9.546451676727400916253892e-12", "4.800836063364985699837495e-9"], ["0.07473701270046306186301243", "0.1800712128965635800912769", "0.3119829414051528786729764", "7.26426264017950242665016e-8", "0.43320876035519407757771"], ["0.000005213060464196851283385426", "0.2935706104888717744264405", "0.0001627011649983003543437393", "1.281234845723509188984077e-9", "0.7062614740044308826444232"], ["0.0000007324007406156915506173981", "0.2936097603451987137918351", "0.00003384742250169072649862973", "5.297974434532949025387426e-10", "0.7063556593017615363368208"], ["5.417169534893809069221694e-9", "0.2936197160931871151113309", "0.000000667954025650656675720544", "5.823480079427724084695658e-11", "0.7063796104773828985439071"], ["4.57584095418805518397926e-15", "0.293619913822729590166577", "9.249236533949503523797734e-12", "1.076956632928877096457533e-13", "0.7063800861679089017952265"], ["6.07637974319898058557085e-18", "0.2936199138254631434608426", "4.620033319762135299952944e-14", "5.465457594315559020602472e-15", "0.7063800861744851846719857"]], "conversion": 0.01, "metals": ["Re", "Ru", "Rh", "Co", "Ni", "Pt", "Pd"], "site": "terrace", "R_ode": [8.0101546229088311e-16, 5.9684946920017107e-07, 2.0174881239864045e-10, 2.9786572685872909e-11, 2.0484178228560285e-13, 3.9387127434150999e-20, 1.5370324154521232e-23], "prefix": "site=terrace-Tg=473.0K-Tv=3000.0K-P=1.0atm-dist=Treanor-nlevels=11-alpha=True", "ENs": [-1.385, -0.535, -0.125, -0.045, 0.155, 0.725, 0.995], "N2_frac": 0.25, "T": 473.0}