{"Evib": 0.0, "p0": 1.0, "theta_ode": [[0.91252500534726411, 8.3233681649232335e-09, 0.087474972305052301, 1.9666922556617778e-11, 1.4004648440923972e-08], [0.074713858236642894, 0.18010590082903458, 0.31188795696068683, 7.2656619392489863e-08, 0.43329221131701634], [5.2128147508053223e-06, 0.2935706125660173, 0.00016269433644558028, 1.2812348547872594e-09, 0.70626147900155156], [7.3238142582842176e-07, 0.29360976056967403, 3.3846677306720015e-05, 5.2979744385824142e-10, 0.70635565984179594], [5.4171373505565988e-09, 0.29361971609390336, 6.6795161853629313e-07, 5.8234800794419214e-11, 0.70637961047910602], [4.5758404191657541e-15, 0.29361991382272962, 9.2492364802284615e-12, 1.076956632928877e-13, 0.70638008616790893], [6.076379647718676e-18, 0.29361991382546315, 4.6200333190062736e-14, 5.4654575943155582e-15, 0.70638008617448522]], "R_steadystate": [1.8828019779427141e-16, 6.72301040150725e-15, 2.2370810154972658e-21, 1.0069705787138758e-22, 4.3260781138981361e-26, 1.0971906454304501e-35, 3.1253385149723669e-40], "R_sabatier": [0.00021535632398031677, 3.6362368675102592e-14, 4.5540817315868343e-21, 2.0493685648411314e-22, 8.8037599977698842e-26, 2.2328284072161007e-35, 6.360193324040968e-40], "theta_steadystate": [["0.9385814525295809045353983", "2.138518106456014719637508e-9", "0.06141854024778700574204734", "9.840620029555176307345135e-12", "5.07427336323698448264353e-9"], ["0.07471385823664290075101849", "0.1801059008290345373544361", "0.3118879569606868457367678", "7.265661939248985501258767e-8", "0.4332922113170163236679226"], ["0.000005212814750805323541273889", "0.2935706125660172833912431", "0.0001626943364455803032281952", "1.28123485478725957552239e-9", "0.7062614790015514761947279"], ["0.0000007323814258284219431737233", "0.2936097605696740185135859", "0.00003384667730672001620849437", "5.297974438582415155664814e-10", "0.7063556598417959891900209"], ["5.417137350556597531346221e-9", "0.2936197160939033418928316", "0.0000006679516185362929080643625", "5.823480079441920039138192e-11", "0.7063796104791059704632436"], ["4.575840419165756992607939e-15", "0.2936199138227295901825076", "9.249236480228464907286598e-12", "1.07695663292887709651542e-13", "0.7063800861679089018335518"], ["6.076379647718679384331359e-18", "0.2936199138254631434608449", "4.620033319006274331301647e-14", "5.465457594315559020602512e-15", "0.7063800861744851846719911"]], "conversion": 0.01, "metals": ["Re", "Ru", "Rh", "Co", "Ni", "Pt", "Pd"], "site": "terrace", "R_ode": [1.4456581501536662e-15, 6.7230104015072508e-15, 2.2370810154972658e-21, 1.0069705787138757e-22, 4.3260781138981355e-26, 1.0971906454304498e-35, 3.1253385149723677e-40], "prefix": "site=terrace-Tg=473.0K-Tv=3000.0K-P=1.0atm-dist=Treanor-nlevels=1-alpha=True", "ENs": [-1.385, -0.535, -0.125, -0.045, 0.155, 0.725, 0.995], "N2_frac": 0.25, "T": 473.0}