{"Evib": 0.0, "p0": 100.0, "theta_ode": [[0.00022085688838550016, 0.8870390861382534, 0.0007293597737758937, 0.010633873508472084, 0.10137682369111312], [2.6471054046593564e-06, 0.8430230796125276, 1.3528225875242416e-05, 0.000820842651120194, 0.15613990240507236], [0.5000776887677888, 0.0016116134780479996, 0.47069742122944325, 0.027567693803956336, 4.5582720763714946e-05], [3.299701216602501e-05, 0.8734885541953693, 0.00013147112897125656, 0.0035704454452720204, 0.12277653221822138], [3.9695053593224716e-07, 0.8142483426024049, 2.4442374573691616e-06, 0.0002703297128491798, 0.1854784864967528], [6.388937267157032e-14, 0.45183982813429724, 1.7726276287909741e-12, 2.5056056185236643e-08, 0.5481601468078101], [8.629875550700403e-12, 0.5803103820781492, 1.5031534696828314e-10, 4.7402082267859835e-07, 0.4196891437420829]], "R_steadystate": [0.00017852905968787156, 2.1623036264164624e-07, 6.132891399938711e-05, 1.016796074729187e-05, 1.1847841582523901e-08, 4.079457368522961e-19, 8.048874100306124e-16], "R_sabatier": [0.017466412561600024, 8.917662107938032e-06, 0.02607150842805107, 0.0006782141431799784, 3.462694210601947e-07, 1.365052723117167e-18, 4.594535438009041e-15], "theta_steadystate": [["0.000220856888385500339407219", "0.8870390861382533577121306", "0.0007293597737758941001324941", "0.01063387350847208869786629", "0.1013768236911131591504634"], ["0.00000264710540465935775551438", "0.8430230796125276362377553", "0.00001352822587524242208546227", "0.0008208426511201941910253952", "0.1561399024050722677913783"], ["0.5000776887677882550841978", "0.00161161347804800171456858", "0.4706974212294437794511508", "0.02756769380395638061695331", "0.00004558272076358313312959306"], ["0.00003299701216602503171598652", "0.8734885541953692547486106", "0.0001314711289712565640964954", "0.003570445445272021097254403", "0.1227765322182214425583225"], ["0.0000003969505359322475509073609", "0.8142483426024048193621943", "0.000002444237457369163309705219", "0.0002703297128491798979803128", "0.1854784864967526993289647"], ["6.38893726715703610229158e-14", "0.4518398281342971469751292", "1.772627628790974611568846e-12", "2.505605618523664441518885e-8", "0.5481601468078101507867639"], ["8.629875550700406427625844e-12", "0.5803103820781492989236997", "1.503153469682832014368326e-10", "0.000000474020822678598468861491", "0.4196891437420827999588478"]], "conversion": 0.01, "metals": ["Ru", "Co", "Fe", "Rh", "Ni", "Pd", "Pt"], "site": "step", "R_ode": [0.0001785290596878714, 2.1623036264164619e-07, 6.132891399948113e-05, 1.0167960747291874e-05, 1.18478415825239e-08, 4.0794573685229605e-19, 8.048874100306125e-16], "prefix": "site=step-T=673.0K-P=100.0atm-Ev=0.0eV", "ENs": [-0.46, -0.18, -1.27, -0.34, -0.06, 0.91, 0.61], "N2_frac": 0.25, "T": 673.0}