{"Evib": 0.0, "p0": 1.0, "theta_ode": [[0.13215752489775845, 0.062694661933147766, 0.78002529146711241, 0.022553495189998597, 0.0025690265119827638], [0.040842843266720899, 0.60601898779266672, 0.29765459445534725, 0.0061251277690214769, 0.049358446716243565], [0.16830527181174038, 5.960829446521432e-05, 0.17225383226029511, 0.65938095282531495, 3.3480818428799353e-07], [0.10593492527964585, 0.1222492348989478, 0.75557758715907153, 0.0095140155260250072, 0.0067242371363097631], [0.0085379012742872861, 0.85118007324877409, 0.045362460566527998, 0.0018611593160272311, 0.093058405594383276], [8.3506451054895509e-11, 0.4584991973315295, 4.9322833061578154e-13, 4.2341113659660119e-09, 0.54150079835035947], [6.6749407585175125e-08, 0.63867738731623924, 3.6825812993026788e-09, 2.7093889942537708e-07, 0.36132227131287242]], "R_steadystate": [3.7018206389412459e-06, 0.00013319267057169959, 9.0789230559062856e-14, 1.8563038126243151e-05, 7.5658100058502065e-05, 1.1708541738951638e-12, 1.0710223079754819e-09], "R_sabatier": [1.8934591911968599e-05, 0.00018460556478990976, 2.6076693505037503e-08, 5.024678846673352e-05, 0.00048988839088299834, 4.0132158044257589e-12, 8.2451307864311152e-09], "theta_steadystate": [["0.1321575248977584850301477", "0.06269466193314775840215552", "0.7800252914671124157305197", "0.0225534951899986081887317", "0.002569026511982732648445372"], ["0.04084284326672090427984108", "0.6060189877926667433244582", "0.2976545944553472589622814", "0.006125127769021476147297005", "0.0493584467162436172861223"], ["0.4735896852483113145659017", "0.00000377973894957177713950361", "0.4845741148848638192007265", "0.04183239889240874698181983", "2.123546654747441243967277e-8"], ["0.1059349252796458617958577", "0.1222492348989477632210631", "0.7555775871590715156115929", "0.009514015526025005770214616", "0.006724237136309853601271648"], ["0.008537901274287293031282444", "0.8511800732487740604569859", "0.04536246056652802486954624", "0.001861159316027231278566925", "0.09305840559438339036361854"], ["8.350645105489553271652228e-11", "0.458499197331529531659153", "4.932283306157816734326374e-13", "4.234111365966012968437175e-9", "0.5415007983503594229893227"], ["6.674940758517514500122152e-8", "0.6386773873162392547989233", "3.682581299302679881341024e-9", "0.0000002709388994253771856866193", "0.3613222713128724353460661"]], "conversion": 0.01, "metals": ["Ru", "Co", "Fe", "Rh", "Ni", "Pd", "Pt"], "site": "step", "R_ode": [3.7018206389413678e-06, 0.00013319267057169954, 2.3440169946844414e-11, 1.8563038126242853e-05, 7.5658100058501984e-05, 1.1708541738951638e-12, 1.0710223079754819e-09], "prefix": "site=step-Tg=473.0K-Tv=3000.0K-P=1.0atm-dist=Treanor-nlevels=11-alpha=True", "ENs": [-0.46, -0.18, -1.27, -0.34, -0.06, 0.91, 0.61], "N2_frac": 0.25, "T": 473.0}