{"Evib": 0.0, "p0": 1.0, "theta_ode": [[0.00079730542940546908, 0.70986972671863879, 0.004880049833186218, 0.25536474999377434, 0.029088168024995142], [2.122984197501059e-06, 0.9161009300617341, 2.4113713256077211e-05, 0.0092591383853751728, 0.074613694855437118], [0.06337297248806148, 7.8801495910313173e-05, 0.064861030762296878, 0.87168675264296602, 4.4261076537210897e-07], [6.9968718354434725e-05, 0.88219147635541795, 0.00055819718633564567, 0.068656032607461642, 0.048524325132430324], [1.4735180094391464e-07, 0.89967067168124881, 2.1814546358640791e-06, 0.001967181211439331, 0.098359818300875035], [3.7486335629167158e-17, 0.45849919737004113, 4.7253890275508814e-15, 4.23411136372479e-09, 0.54150079839584275], [3.9322575042491229e-14, 0.63867743229790996, 2.5557827356911759e-12, 2.7093891242394395e-07, 0.36132229676058258]], "R_steadystate": [2.3664006824025883e-10, 3.2240527157015042e-14, 9.07894629157336e-14, 6.4743632617829751e-12, 5.5082706120516623e-16, 9.913204796708186e-31, 4.6054119199336925e-26], "R_sabatier": [2.8399722146386031e-07, 5.880513020069197e-12, 2.6076693505037503e-08, 2.7920864361303497e-09, 5.7813596049257022e-14, 3.4329384994869287e-30, 3.5820290509757632e-25], "theta_steadystate": [["0.0007973054294054693491177759", "0.709869726718638684542564", "0.004880049833186217999105035", "0.2553647499937744397461647", "0.02908816802499518836304846"], ["0.000002122984197501060132913828", "0.9161009300617341013465133", "0.00002411371325607722095230719", "0.009259138385375173789503425", "0.074613694855437146582898"], ["0.4735899594503332803418429", "0.000003779689099014036957521998", "0.4845743918422270155216183", "0.04183184778315405909595716", "2.123518663100362415671893e-8"], ["0.00006996871835443477471807033", "0.8821914763554178930840572", "0.0005581971863356459208223031", "0.06865603260746166540564494", "0.04852432513243036081475744"], ["0.0000001473518009439147201288706", "0.8996706716812488126971062", "0.000002181454635864080368421119", "0.00196718121143933177425304", "0.09835981830087504753355224"], ["3.74863356291670836784312e-17", "0.4584991973700411359006514", "4.725389027550882025354668e-15", "4.234111363724789720450533e-9", "0.5415007983958427374991957"], ["3.932257504249125020529014e-14", "0.6386774322979099002317187", "2.555782735691177224952902e-12", "0.0000002709389124239440596087419", "0.361322296760582570513488"]], "conversion": 0.01, "metals": ["Ru", "Co", "Fe", "Rh", "Ni", "Pd", "Pt"], "site": "step", "R_ode": [2.3664006824025811e-10, 3.2240527157015004e-14, 4.0965674869878395e-11, 6.4743632617829735e-12, 5.5082706120516574e-16, 9.9132047967081825e-31, 4.6054119199336908e-26], "prefix": "site=step-Tg=473.0K-Tv=3000.0K-P=1.0atm-dist=Treanor-nlevels=1-alpha=True", "ENs": [-0.46, -0.18, -1.27, -0.34, -0.06, 0.91, 0.61], "N2_frac": 0.25, "T": 473.0}